<?xml version="1.0" encoding="UTF-8"?>
<assessmentResult xmlns="http://www.imsglobal.org/xsd/imsqti_v2p1" xmlns:xsi="http://www.w3.org/2001/XMLSchema-instance" xsi:schemaLocation="http://www.imsglobal.org/xsd/imsqti_v2p1 imsqti_v2p1.xsd"><context /><testResult identifier="HistoryTestBerlinWall_1499748124" datestamp="2013-09-25T09:49:32" currentItemIndex="1" duration="12"><outcomeVariable identifier="SCORE" cardinality="single" manualScored="false" baseType="integer" view="tutor"><value baseType="integer">0</value></outcomeVariable><outcomeVariable identifier="MAXPOINTS" cardinality="single" manualScored="false" baseType="integer" view="scorer"><value baseType="integer">17</value></outcomeVariable></testResult><itemResult identifier="Zuordnung_1580326443" datestamp="2013-09-25T09:49:32" sessionStatus="pendingSubmission" sequenceIndex="1" duration="11"><outcomeVariable identifier="SCORE" cardinality="single" manualScored="false" baseType="integer" view="tutor"><value baseType="integer">0</value></outcomeVariable></itemResult><itemResult identifier="Selection_1495734268" datestamp="2013-09-25T09:49:32" sessionStatus="initial" sequenceIndex="2" /><itemResult identifier="Order_1669200711" datestamp="2013-09-25T09:49:32" sessionStatus="initial" sequenceIndex="3" /><itemResult identifier="Luecke_1818028575" datestamp="2013-09-25T09:49:32" sessionStatus="initial" sequenceIndex="4" /><itemResult identifier="Audio_1116208616" datestamp="2013-09-25T09:49:32" sessionStatus="initial" sequenceIndex="5" /></assessmentResult>
